DayOfWeek,SumCalories,AvgCalories
1,273197,94.335980662983616
2,277670,97.053477804963251
3,355023,98.61749999999995
4,343613,96.874259937975864
5,318479,97.00852878464832
6,293059,97.784117450783967
7,291109,99.8658662092624