DayOfWeek,SumSteps,AvgSteps
1,834790,288.25621546961304
2,922682,322.50332051730089
3,1204432,334.56444444444458
4,1117874,315.16041725401709
5,1056983,321.95644227840364
6,934681,311.87220553887249
7,1003914,344.39588336192162