Intensity,METsCount,METsMin,METsMax,METsAvg
0,1112102,0,15,10.353214003751431
1,180891,16,129,31.965083945580947
2,12749,36,59,48.372499803906017
3,19838,60,157,78.639883052727527